MovieID,Title,Genre,ReleaseYear,ReleaseDate,Country,BudgetUSD,US_BoxOfficeUSD,Global_BoxOfficeUSD,Opening_Day_SalesUSD,One_Week_SalesUSD,IMDbRating,RottenTomatoesScore,NumVotesIMDb,NumVotesRT,Director,LeadActor
987231,Light his nearly,Action,1992,15-01-1992,USA,1075502.19,2875075.73,4262754.31,629113.42,1616545.83,5.5,47,18711,59,Jeremy Davis,Ronald Herrera
79955,Message card,Drama,2004,27-12-2004,France,1337595.51,3491493.15,6588486.36,682160.76,1721405.27,5.1,60,3665,199,Vanessa Fox,Mckenzie Perez
567131,Class follow daughter,Horror,2006,12-12-2006,USA,1568624.29,3584998.97,5761209.1,559767.24,1716352.21,7.0,76,33277,50,Courtney Reynolds,Jacqueline Cooper
500892,Allow,Drama,1993,07-11-1993,Australia,26827716.53,57612005.58,90983218.55,15190070.71,25631720.05,7.8,75,7711,116,Ryan Tate,Brooke Stanley
55400,Professor event,Sci-Fi,2012,01-04-2012,USA,957444.53,852313.57,1608443.23,134411.43,426772.27,5.8,63,1063,1136,Bryan Murray,Sheila Dunn
135050,Lead risk democratic other,Comedy,2023,08-09-2023,USA,3701289.28,8359909.07,15141162.25,1213188.78,4750072.3,7.2,70,2142,910,Oscar Santos,Teresa Davis
693950,Then why,Sci-Fi,1977,23-05-1977,USA,2202488.48,2005835.25,3823789.33,361941.94,1134266.66,7.6,78,3414,739,Maria Lane,Benjamin Mitchell
732057,Use,Horror,2019,16-12-2019,USA,1475503.0,1790096.39,2693006.93,395317.55,725133.06,5.0,68,13137,5886,Mr. Jorge Anderson,Rodney Smith
51334,Third bring,Drama,2011,21-08-2011,USA,21246219.8,8539166.58,21246219.8,2543128.81,4634783.8,6.5,53,2782,744,Jennifer Henry,Matthew Simmons
995353,Personal sit beyond,Sci-Fi,2008,08-02-2008,USA,5266515.26,8498371.19,12700947.63,1532000.63,4523779.85,7.7,80,5143,50,Eric Ramirez,Jimmy Smith
399759,Threat,Drama,2020,02-01-2020,India,38770730.65,82736175.66,170633337.7,10369890.69,41313463.93,6.6,70,639,683,Benjamin Hudson,Ashley French
401398,Learn anyone test everyone,Romance,1955,05-11-1955,India,16134570.28,29726291.46,71199768.82,3749924.45,15692433.08,5.2,56,9219,637,Christopher Roach,Marc Vasquez
855485,System should recognize act,Comedy,2016,07-05-2016,USA,2629366.69,3948439.11,5936395.44,822511.67,2274218.3,6.7,71,5724,423,Nathan Bolton,Sarah Ross
760443,Data find write,Documentary,2025,13-11-2025,USA,447573.92,327491.69,584435.02,87607.41,131923.36,8.3,96,18006,1351,Philip Simmons,Kathy Marshall
503248,These benefit create,Action,1983,28-02-1983,Germany,1106053.91,645423.18,1108027.66,159028.36,287680.26,8.8,96,418,50,Chad Koch,Alyssa Wolfe
864741,Bill hear remember,Comedy,1967,26-06-1967,India,5855913.42,13585514.11,21190748.69,1934490.85,8149652.85,7.7,80,11437,567,Janice Taylor,Monica Nelson MD
35033,Series lawyer,Romance,2004,24-12-2004,USA,16073647.37,31237925.77,46640546.7,7040277.69,13206310.46,7.2,80,1040,3628,Jennifer Willis,Mary Wolfe
985859,Prevent require kind,Romance,2015,23-05-2015,Australia,224410830.7,119208473.8,224410830.7,13413513.31,63260909.31,5.2,45,2654,76,Robert Hendricks,Russell Martin
376762,Central star,Thriller,2012,28-06-2012,USA,13122561.6,36238532.91,60482554.6,9985496.12,17922017.57,4.5,44,1163,1921,Anthony Henry,Brian Gentry
811353,Begin table,Romance,2011,29-08-2011,USA,12637362.09,5832636.37,12637362.09,1399060.94,2577259.18,6.3,78,5276,62472,Megan Sharp,Noah Harrison
577746,Player issue yourself,Drama,2009,30-03-2009,USA,1476457.47,1884028.63,4402669.81,227928.53,1072508.65,4.1,55,1764,23757,Jeremy Davis,Christopher Tucker
650817,Big travel speak,Drama,1991,25-09-1991,Germany,12834526.85,31095567.85,60363376.37,5560254.4,14049397.03,5.3,53,841,2991,Mary Mitchell,Tracy Klein
219340,Source end although,Documentary,1988,16-08-1988,USA,3952536.69,11800170.13,18669587.86,3022419.04,6173119.6,7.1,71,570,91,Jessica Gonzalez,Amanda Lawson
979755,Idea interview,Comedy,1994,23-04-1994,USA,1503641.83,3069525.47,7200916.44,366297.62,1802573.09,7.3,64,5215,57,Paul Weiss,Darren Jones
625692,Director source under,Sci-Fi,2021,14-04-2021,USA,800672.33,498851.07,931279.91,52150.98,233527.97,7.7,50,1381,701,Michael Ross,Jennifer Leach
215340,Music,Action,2023,19-08-2023,USA,4049306.67,7425024.91,11281880.99,2195764.55,3794300.17,5.9,64,85493,19435,Tyler Sanchez,Kathryn Hunt
443418,Lot lawyer management,Drama,2021,06-08-2021,USA,2205776.7,4971033.57,9811169.39,1100633.78,2025463.16,6.3,53,1473,76,Colleen Willis,David Lopez
692727,Should media,Thriller,2020,31-10-2020,UK,916080.85,1272080.16,2671165.86,226885.02,610162.74,8.4,96,29544,50,Francisco Ford,Elizabeth Shannon
336984,Memory blue,Drama,1993,02-12-1993,USA,10259992.76,10371321.46,19105328.88,2189261.29,5851021.1,5.3,61,2095,6569,Philip Simmons,Marissa Pena
518813,Manage management total,Action,1984,30-05-1984,Australia,2235411.91,1852519.08,3486206.84,403806.4,1105975.03,9.4,100,5046,709,Caitlin Brewer,Jeffrey Jenkins
915573,Modern edge,Comedy,2021,26-08-2021,USA,341240.96,217025.51,341240.96,46538.73,118252.88,9.5,93,2602,50,Gary Simmons,Sharon Rodriguez
2086,Effect board,Drama,1999,15-08-1999,Japan,154510286.7,268477259.1,468721611.6,27621484.76,159068657.6,8.5,85,606,1994,Amanda Cantrell,Cody Peters
663615,Clearly analysis anything,Horror,1966,15-06-1966,India,248751.03,116776.48,248751.03,13817.13,63995.98,6.1,52,1558,758,Jessica Singh,Shawn Washington
677814,Build,Drama,1984,17-08-1984,India,3329177.63,2005478.45,3329177.63,264543.58,846450.41,8.1,80,1473,50,William Walker,David Clark
820423,Ground put card,Comedy,2008,05-09-2008,USA,3210768.15,2015217.59,3210768.15,349672.55,1204027.06,8.2,95,1466,828,James Wright,Joseph Leon
543083,More phone,Romance,2004,17-05-2004,USA,14640585.62,28882260.84,54842435.41,6009106.08,16053160.51,7.7,76,518,145,Dr. Jonathan Long,Olivia Allen
529928,Suffer leg each,Romance,2023,31-08-2023,USA,13695022.43,15700185.25,26020634.67,4178289.17,7482659.93,5.2,54,2017,4244,Christopher Roach,Larry Bishop
66337,Peace oil consumer,Horror,1990,31-07-1990,USA,2031205.53,2776397.41,4166904.5,682727.57,1587428.48,6.5,72,2955,50,Joseph Willis,Kathy Marshall
272967,Mind matter,Action,2010,04-10-2010,UK,10826133.98,25934681.62,47100285.98,5805769.74,13749231.03,6.8,44,6304,538,Jason Jones,Joshua Willis
876375,Across build,Comedy,2004,18-09-2004,India,4402512.65,9280537.47,19372175.69,1153657.74,5554038.37,4.7,53,1057,5440,Vanessa Fox,Lisa Castro
443182,Authority chair nothing,Horror,2010,05-09-2010,China,3150031.13,6110894.15,15073430.98,1785118.96,2856354.84,6.3,75,342,88,Bethany Rodriguez,Christopher Green
38748,Population wonder room,Thriller,2009,12-05-2009,USA,169023.69,178896.52,362111.58,49391.24,92572.65,5.0,42,19680,1725,Michelle Collins,Jessica Scott
244519,Team avoid because,Action,2022,20-04-2022,USA,4748160.94,8066124.81,11950380.45,2184729.51,3641237.35,6.7,93,1182,362,Terry Lawrence,Brenda Gomez
321942,Rather way,Action,1969,30-11-1969,USA,585403.86,1091493.45,2438111.76,169643.26,584645.57,7.1,89,53005,1417,Bryan Murray,Sarah Nelson
212424,Down mother,Documentary,2023,18-07-2023,USA,2617686.21,1881609.23,2745308.29,253610.45,831761.94,7.2,90,40073,133,Bryan Murray,Noah Harrison
849497,Man nor,Drama,2022,09-02-2022,USA,3143267.35,5782792.38,13681216.78,1111987.29,2527604.07,7.5,87,15342,707,Jeffrey Myers MD,Casey Lloyd
460022,From contain,Sci-Fi,2002,29-08-2002,USA,17868183.99,37652860.28,60732049.47,8053323.75,18356451.59,5.6,39,15636,720,Carolyn Schwartz,Veronica Mills
330798,Yes region,Comedy,2013,27-05-2013,USA,31774083.78,23614445.41,52207037.5,6942224.56,10102815.79,8.5,99,4787,50,Jeffrey Neal,Melissa Lopez
820287,Generation situation,Documentary,2007,14-05-2007,USA,70206183.28,86442768.62,197517236.1,13096737.93,34617351.34,8.5,97,3941,810,Rachel Hayes,Joseph Leon
836275,Need man,Action,1981,09-08-1981,USA,6347461.19,7449450.75,11443519.26,2087683.38,3505117.73,5.3,57,1575,174,Renee Campbell,Sheila Dunn
878902,Some future amount teacher,Drama,2025,24-03-2025,USA,1348463.95,3680883.97,6404571.98,386046.41,2001736.44,7.1,65,2777,6903,Charles Lopez,Deanna Johnson
507015,Black,Horror,2016,26-08-2016,India,744528.33,299839.49,744528.33,55834.57,170669.26,8.6,100,48502,137,Jennifer Henry,David Martin
63469,Whole economic month,Romance,1998,31-01-1998,France,4019152.49,2388326.49,4019152.49,546677.49,1132575.91,7.9,100,12164,722,Christian Hernandez,Jason Mercer
568671,Piece charge next,Horror,1970,07-02-1970,UK,57334442.6,67367300.21,147189213.0,18910594.11,29434481.78,6.0,78,2702,3062,Julie Maxwell,Daniel Thompson
855771,Charge candidate of,Drama,2009,28-06-2009,USA,123634.69,258879.26,471737.86,72601.95,123883.5,7.0,56,201,50,Jennifer Atkinson,Brian Rodriguez
606373,Door network,Drama,1991,12-06-1991,USA,2956510.71,3433440.27,5124165.83,684624.86,1610659.16,7.6,67,166,50,David Hall,Derrick Smith
358901,Might toward capital,Horror,2007,25-04-2007,Canada,12852916.64,27061886.43,59868118.35,2910765.62,11153359.8,4.8,61,7857,77,David Charles,Dawn Blake
178393,Show there plant,Sci-Fi,2023,04-11-2023,USA,613116.0,818734.07,1830654.69,101721.54,428908.65,6.3,67,9332,1521,David Morris,Mckenzie Perez
852087,Close man forward,Comedy,1984,07-07-1984,Australia,2736941.68,5797633.54,10967889.03,1056501.86,2837208.74,6.9,69,584,453,Alyssa Adams,Robin Dawson
348366,Long move cover,Documentary,2020,16-03-2020,USA,21609900.39,54066380.59,80859211.35,8406772.65,28707453.03,3.2,24,32954,656,Benjamin Hudson,Ashley French
377483,Agent season born,Drama,2021,12-06-2021,India,1898322.54,2668351.84,4814851.99,436098.88,1408174.74,7.5,78,1574,11176,Emily Miller,Rebecca Mejia
44793,Produce guy,Horror,1972,20-06-1972,USA,2255324.35,3604100.56,7029980.07,1080776.96,1620731.44,6.1,64,43142,318,Samantha Campbell,Alyssa Wolfe
690927,Box civil trip,Comedy,1998,01-01-1998,China,6321502.86,5208220.31,9863113.82,1197903.59,2414043.28,5.1,35,899,462,Mr. Drew Clark Jr.,Sarah Ross
50314,Newspaper food,Documentary,2017,27-05-2017,USA,3135511.73,7633191.49,13134412.73,1602982.79,3557471.41,9.0,75,114,2320,Mr. Jorge Anderson,Vincent Suarez
781466,Network,Drama,2016,11-08-2016,USA,6971223.19,9997494.04,22368700.35,1572182.98,5614299.73,4.8,52,21269,227,Tyler Sanchez,Amanda Lawson
18959,Care serious only,Thriller,2006,09-10-2006,USA,16934313.03,46214305.33,81429391.65,7537493.7,24506990.53,7.2,85,3812,75,Andrew Chambers,Karen Shaffer
804703,If situation prevent,Thriller,1967,04-02-1967,China,6485518.47,5969511.06,10694159.55,1281493.87,2660095.08,6.7,68,4958,1257,Hannah Camacho,Lorraine White DDS
8986,Admit either evening because,Drama,1971,03-03-1971,USA,1915559.03,3958947.17,6039683.56,437713.29,2203065.24,7.1,74,42745,1619,Judy Walker,Ashley Pena
99902,Hour investment,Comedy,1996,15-05-1996,USA,1624747.13,1034740.85,2142063.06,240710.01,560708.33,3.1,38,3112,115,Joshua Morales,Krystal Cross
655318,Decade open,Action,1991,24-01-1991,USA,1625343.14,3010309.09,4481058.0,787648.51,1290893.11,5.9,71,3124,2200,Patricia Munoz,Peter Sanders
224929,House friend room how,Sci-Fi,1994,18-01-1994,USA,3327972.67,1366954.82,3327972.67,334076.46,600195.49,8.6,89,5958,1074,Daniel Brown,John Perry
812017,Important media suddenly,Horror,1950,29-05-1950,Japan,10214862.81,23725419.54,40232756.54,5643038.17,13334409.54,6.3,62,4329,2091,Thomas Peterson,Adam Williams
67899,Rule begin,Documentary,1990,12-01-1990,USA,2173361.06,4809454.94,10721857.46,883798.41,2628276.72,7.6,77,656,50,Jason Jones,Michael Gomez
68879,Coach pressure,Drama,2001,09-08-2001,USA,100000.0,193543.03,430635.91,31400.31,103524.13,7.4,83,2017,1173,Kelsey Ellis,Greg Ball
904484,Check take,Horror,1979,10-10-1979,Australia,1258218.44,1881306.47,3821512.06,549007.65,1064519.18,7.0,79,1777,30105,Daniel Brown,Jeffrey Haley
244300,Give cause,Comedy,1994,23-04-1994,USA,673111.47,450131.49,673111.47,114220.02,195080.53,6.0,58,2282,487,John Jones,Deanna Johnson
743048,Laugh professor stop,Romance,1987,19-02-1987,Australia,18178312.59,34122058.72,77252222.2,6209891.52,15068718.22,8.9,88,2997,50,Gary Simmons,Kathryn Stevenson
803684,Wait particular remember,Romance,1989,27-09-1989,USA,32062949.26,14442071.78,32062949.26,2514058.48,8069664.16,6.5,80,2619,3147,Emily Miller,Rodney Smith
444937,Great especially,Thriller,2008,06-04-2008,USA,2375831.67,3027435.56,5570372.36,463012.55,1524811.7,5.3,49,1364,50,Jeffrey Neal,Ashley Gilmore
895958,A understand raise,Drama,2020,26-05-2020,USA,1182931.35,1730918.04,2966170.38,234605.34,948442.98,5.6,55,10474,77,Jessica Rodriguez,James Erickson
858828,Window difference maybe,Romance,1970,02-04-1970,USA,601208.28,621522.73,1485615.02,156482.79,315047.94,9.1,86,3505,52,Troy Cochran,Jennifer Cook
575348,Care four away over,Thriller,1972,13-04-1972,USA,2964180.87,5448913.35,8132254.21,1566741.05,3119545.35,8.0,93,3727,283,Amanda Montgomery,Sharon Rodriguez
464017,Foreign term give,Horror,2003,05-12-2003,USA,23565639.17,42265190.86,92099188.13,9783261.93,22166095.55,8.1,68,1827,1977,Crystal Harris,Kimberly Smith
196830,Weight discuss race,Thriller,2011,28-07-2011,USA,926000.71,1560224.23,3631872.67,209183.14,838097.71,6.3,69,806,872,Diane Skinner,Brenda Guerrero
309024,Service authority course there,Thriller,2019,20-08-2019,USA,2582700.93,3986154.28,8762994.35,592276.38,1995351.56,6.6,60,7463,876,Jennifer Atkinson,Jeffrey Sharp
347382,Between that,Drama,2024,23-12-2024,USA,2679997.33,2600106.82,5968192.25,717244.86,1352159.35,6.5,55,3312,581,Darrell Carlson,Heather Allison
310805,Simply form case,Romance,2011,27-06-2011,USA,1588999.61,906555.54,2170389.69,270926.59,444556.09,4.9,50,100,833,Amanda Montgomery,Derrick Smith
837523,Baby foot,Thriller,2008,09-09-2008,USA,3830960.7,4075201.61,6540653.97,600443.07,1713300.8,3.7,25,3564,181,Donna Wagner,Heather Williams
268241,Phone draw speak,Romance,1977,06-01-1977,France,4761248.04,3040840.11,4834909.26,905564.58,1317799.48,9.5,87,3891,149,James Miller,Robert Garcia
366138,Real picture,Comedy,1974,17-07-1974,USA,12136888.58,7066254.72,12136888.58,1460834.97,3308421.06,3.8,40,1546,3701,Vanessa Fox,Dawn Blake
449597,For thing claim,Action,1974,30-01-1974,France,4232247.05,3038060.05,4800738.09,679575.07,1274735.69,8.2,63,7069,50,Caitlin Brewer,April Murphy
586918,I respond movie,Action,1994,05-12-1994,USA,1397236.95,1490453.28,2320255.27,256195.74,780437.89,8.2,82,3486,11009,Brian Robinson,Paige Gonzalez
980753,Wrong on himself,Action,2013,28-11-2013,Canada,18791067.61,37036459.66,91656314.19,4860227.0,16351320.92,8.4,61,1460,340,Raymond Morris,Kimberly Ray
51663,House sing table,Drama,1969,27-05-1969,Australia,4553832.85,5825698.6,9767688.08,733209.42,2365616.95,3.8,31,3057,215,Kim Watkins,Sheila Dunn
892873,Project age hundred,Sci-Fi,1971,01-11-1971,USA,13910169.19,13600642.45,20981287.97,3195316.73,6070388.78,9.7,99,254,50,David Lee,Cynthia Little
576799,Effect country,Thriller,1994,21-03-1994,USA,2114792.0,1390474.19,3109199.22,336386.41,829416.4,4.3,38,1945,206,Benjamin Hudson,Robin Dawson
480867,Actually during,Horror,2023,28-09-2023,Australia,15415347.75,37982830.45,63493910.99,9795722.06,20306708.74,3.5,35,15334,5301,James Cross,Daniel Thompson
550671,Though where drop,Action,2014,24-10-2014,USA,2468904.78,4416123.09,8286541.6,838504.4,2536128.32,6.6,62,19812,847,Dr. Michael Monroe,Alyssa Wolfe
584292,Federal why boy,Action,1976,09-03-1976,USA,6985527.72,5450800.39,12496848.25,1184488.58,3046072.41,10.0,100,1326,2493,Tyler Sanchez,Mark Crosby
362132,Institution move tough,Drama,1998,28-11-1998,China,2221270.33,2529472.66,4783564.9,462548.38,1136180.99,10.0,95,798,925,Benjamin Ray,Brian Gentry
33320,Reason leader create,Drama,1978,30-04-1978,Japan,10193464.72,19277296.09,32146028.62,5462936.33,8246232.74,6.8,62,2557,11934,Barbara Torres,Teresa Santos PhD
215538,Sport why seven,Action,1969,07-06-1969,USA,1911066.21,1406417.43,3331042.53,280214.29,690044.71,6.5,57,2362,135,Diana Davis,Kathryn Stevenson
126315,Chair just,Comedy,2001,05-11-2001,Japan,29242236.79,68090058.19,118117672.3,12132288.91,40086638.14,7.2,72,9002,20789,Oscar Santos,Sharon Rodriguez
460374,House assume yard,Horror,2000,15-04-2000,India,4148519.22,2601844.06,6032259.57,463218.9,1475965.84,4.9,51,100,90,Robert Hendricks,Donald Franco
489380,Rather similar,Drama,2014,13-10-2014,USA,1067998.95,578884.43,1086738.48,165605.19,279036.8,3.0,36,2707,50,Ashley Medina,Lawrence Thomas
63225,Third side,Thriller,2008,28-07-2008,USA,12100525.94,27566282.12,53641231.68,6438518.46,11203772.15,6.1,55,853,11993,Mr. Jorge Anderson,Tracy Klein
965339,Since,Romance,2023,21-12-2023,USA,7452636.38,11833025.65,21524155.52,2303755.09,6032849.89,7.7,76,230,402,Jacqueline Briggs,Richard Miller
779635,Its hotel information,Action,2010,05-05-2010,USA,13426490.45,20140906.14,39359713.48,5050981.81,8346321.76,6.6,64,248,1019,Oscar Santos,Jonathan Lee
695798,Mouth until wish,Drama,1996,22-03-1996,Australia,8679187.23,4575683.94,9713408.42,1039597.27,2571114.24,7.7,66,12485,5511,Amanda Cantrell,Robert Garcia
561881,Authority model,Drama,2024,15-11-2024,USA,9448899.35,24650696.84,41350489.47,5408173.52,13874118.56,5.8,46,6724,50,Jennifer Atkinson,William Ramirez
279995,Start might wait,Drama,2014,20-12-2014,USA,1584389.21,3309614.48,4932046.48,966581.67,1788578.31,3.6,55,4629,403,Darlene Murphy,David Perez
979847,Face federal sure,Action,1955,26-08-1955,USA,7414220.02,10199093.56,19040211.12,2161046.42,5392101.97,4.7,54,429,96,Tara Underwood,Catherine Rogers
571750,Choice,Drama,1975,21-08-1975,UK,281859.7,520337.66,841812.32,61308.08,281964.91,4.9,40,6514,563,Karen Robinson,Patricia Keller
435459,Show top decide,Comedy,2000,25-02-2000,USA,2166405.42,2964207.66,6775060.17,838986.28,1238983.83,7.5,71,2400,50,David Charles,Stephanie Stokes
256148,Movement sometimes writer,Action,2009,14-05-2009,UK,54008440.88,58974412.55,119348799.7,6334904.77,25346317.66,6.4,50,602,1472,Andrew Chambers,Kevin Fernandez
527944,Ever rich home,Drama,2012,26-04-2012,USA,1620461.94,3268692.15,4866741.42,797726.91,1516822.55,7.2,77,2074,59,Melissa Hernandez,James Erickson
330302,Rule research,Documentary,1980,10-08-1980,USA,4521659.55,1903920.42,4521659.55,294311.15,829797.15,9.3,94,1443,99,Gary Simmons,Stephanie Ferrell
870585,Along prevent bag system,Comedy,2001,30-09-2001,USA,9856139.5,17758056.38,36915400.23,2355111.65,10516824.99,7.7,80,2458,102,Alyssa Adams,Shawn Washington
69255,Despite east law,Action,1975,25-06-1975,USA,2076877.43,5851674.87,9508162.08,1035632.4,2346727.91,7.1,63,35323,3471,Lori Callahan,Kimberly Johnson
678875,State total,Comedy,1993,15-05-1993,UK,631254.27,2004369.32,2920843.87,485128.0,1055139.83,7.2,92,782,53,Anthony Rowland,David Clark
275406,Cut economic,Thriller,2000,24-07-2000,USA,100000.0,87826.86,140192.22,16128.29,44854.3,6.4,70,1911,8884,Roberto Underwood,Ashley Juarez
948936,Move call each,Action,1961,08-10-1961,Canada,22955006.08,31305652.57,70797183.15,9385146.37,14959604.56,6.6,89,4633,499,Diana Davis,Dominique Aguirre
587306,First tax,Drama,2025,18-11-2025,USA,604674.3,734409.82,1780508.84,164047.55,322577.5,7.9,86,696,686,Shannon Ross,Adam Williams
889145,Poor next can,Drama,2001,22-06-2001,USA,5137426.47,2584746.96,5137426.47,571852.26,1345382.16,6.0,51,1390,244,Roberto Underwood,Sharon Riley
379067,Feeling very model,Action,1984,01-07-1984,USA,5146879.45,2435970.6,5146879.45,487231.5,1029956.06,6.3,63,23047,2888,Bryan Murray,Danny Kline
115772,Happy sense example down,Sci-Fi,2011,01-05-2011,USA,1710535.97,3183701.63,7673940.08,746227.39,1287902.59,6.7,66,3015,306,Chad Koch,Jennifer Cook
517432,Parent there site,Drama,2024,02-02-2024,India,7327318.74,16481655.49,26921554.29,3691039.9,8278568.39,6.8,61,2186,244,Benjamin Hudson,Lauren Richards
265974,So entire,Action,1965,18-07-1965,China,2063364.63,4757221.21,8191381.05,1020689.73,2303993.01,6.5,61,29445,85,Sean Howard,Joshua Willis
951671,Movement three,Drama,2013,28-11-2013,USA,1672954.62,2223564.91,4428493.38,294163.05,1231249.02,6.8,72,26418,903,Kimberly Barker,Duane Fletcher DDS
400808,Car sport whom,Comedy,2017,18-05-2017,USA,1048218.36,1028573.14,1712956.67,302809.72,603552.55,6.5,85,2278,139,Crystal Harris,Vincent Suarez
565511,Quickly series indicate,Comedy,1993,18-03-1993,Australia,1338447.69,889468.21,1481438.64,228977.63,527013.02,4.5,51,2523,97,Jessica Rodriguez,Larry Bishop
100076,Quality prevent,Comedy,1968,22-07-1968,USA,664827.07,615286.51,1475765.29,143762.65,322930.88,6.3,62,7809,53,Troy Cochran,Joel Hunt
701082,Clearly analysis anything,Comedy,2003,09-06-2003,USA,13919532.83,28117028.52,54903083.26,4029399.05,12655456.52,9.2,95,817,79,Jennifer Henry,Krystal Cross
103661,She place light,Drama,2019,29-03-2019,China,3063231.39,6876303.84,13548095.17,817278.27,3060216.81,6.2,49,365,2334,Mark Moody,David Martin
172272,Article concern,Action,2012,11-04-2012,China,3301776.42,6976751.77,13968614.45,1506119.41,3771101.79,6.2,71,10883,120,Amanda Montgomery,Andrew Lyons
331228,Though everyone another,Thriller,1972,10-07-1972,USA,663321.75,1156397.07,2498838.06,182438.79,639473.64,7.5,62,1536,50,David Hall,William Ramirez
259150,Responsibility why,Comedy,2005,22-12-2005,India,12056992.84,8929011.67,20974892.06,1132424.51,3690437.42,4.7,58,587,157,Mark Moody,John Sullivan
938626,National other,Action,1956,06-06-1956,USA,6216460.9,9195450.43,17947290.08,2231118.13,4528241.01,6.7,61,1494,650,Thomas Peterson,Miranda Armstrong
606358,Different staff,Romance,2000,06-10-2000,USA,7017389.04,9954172.07,22313021.27,1729383.55,5368381.91,6.9,71,3818,279,Adam Brown,April Murphy
687099,Reduce after,Drama,1984,06-06-1984,USA,8867522.71,9571032.3,15093628.17,1060836.12,3838491.01,4.9,54,3324,465,Claudia Smith,Mrs. Margaret Smith
829829,Town oil character add,Drama,1983,06-12-1983,USA,4601238.3,5367100.07,11240424.35,813130.56,2587503.44,5.1,50,21506,200,Kevin Green,Cynthia Little
865720,Change paper customer,Drama,1951,05-12-1951,USA,146816.09,94398.81,146816.09,22245.29,48926.05,5.4,63,4157,166,Joshua Morales,Dalton Johnson
256730,Low challenge consider describe,Comedy,2021,25-12-2021,USA,2095030.52,3973825.48,7513635.69,642959.12,2323486.65,7.4,67,103860,1203,Karen Robinson,Tyler Cooper
246896,Help stage form,Documentary,2008,02-05-2008,USA,31485045.69,51658136.6,126446845.9,11385531.0,30971825.72,6.5,89,3796,101,Anthony Henry,Casey Collins
40811,Garden political someone,Documentary,2021,17-12-2021,USA,208891686.3,596605792.8,887203471.2,116095333.3,307353062.9,5.1,61,1420,161,Vanessa Fox,Teresa Santos PhD
314675,Stock collection before,Action,1999,13-07-1999,Canada,10516943.03,11751604.2,21457123.98,1958833.52,5107669.22,6.1,52,2446,823,Joshua Baker,Ronald Thompson DDS
20474,Should easy,Drama,2012,31-01-2012,India,16293041.75,23255268.04,44325045.75,3139540.06,12357241.8,7.4,83,353,50,Chad Peters MD,Sherry Turner
525061,Mind you,Drama,1987,25-11-1987,USA,2006409.38,833161.35,2006409.38,140868.84,486151.47,3.7,39,3348,87,Suzanne Gonzalez,Donald Franco
582947,Bank government year,Romance,1966,21-11-1966,USA,27217051.64,26246067.27,48247580.02,7223675.48,13744061.69,5.1,42,1309,676,Oscar Santos,William Prince
658385,Medical leg feel,Thriller,2010,15-10-2010,UK,3779479.87,4793240.91,8049132.36,496801.37,1961513.18,9.6,92,3907,50,Claudia Smith,John Barker
974158,Support big investment,Thriller,1998,16-07-1998,USA,42303856.12,71748629.25,150235862.9,11198924.79,41903899.26,6.6,79,504,435,Megan Sharp,Tami Miranda
422759,Sing natural your,Drama,2005,12-10-2005,USA,14952924.7,42736521.08,73054434.22,4501545.0,19028089.96,7.4,69,3349,202,Benjamin Hudson,Melissa Cain
673532,Huge case language,Drama,2017,08-06-2017,USA,1944739.37,1662221.11,2653807.18,236547.7,843048.85,8.6,90,4130,1022,Samantha Campbell,Alyssa Wolfe
663951,Manager themselves,Romance,2006,12-02-2006,USA,5859610.61,11048177.87,19273002.98,2584084.27,6238114.94,5.7,49,1483,50,David Hall,Marc Vasquez
733810,Eat though news,Comedy,2020,16-10-2020,USA,653974.96,351786.28,818250.02,53865.74,168650.23,8.0,72,3284,3156,Albert Phillips,David Perez
837315,Medical floor,Drama,1997,21-02-1997,USA,12237548.71,22705936.98,34342613.89,2359479.41,13434831.19,4.1,44,50125,2859,Tara Underwood,Paul Glover
570267,Painting floor author,Drama,1982,08-02-1982,USA,406911.15,171150.64,416968.89,37502.57,77590.1,4.8,43,1189,82,Dr. Jonathan Long,Karen Shaffer
6299,Onto grow,Romance,1991,27-12-1991,USA,978579.42,1532105.99,3727536.58,160135.98,616593.54,5.5,54,878,3245,Diana Davis,Carolyn Calhoun
996135,Price assume instead practice,Action,2023,11-02-2023,USA,19774951.43,34733610.12,53055169.34,7598141.94,16100808.42,6.3,60,569,225,Benjamin Hudson,Elizabeth Shannon
711524,Industry kind someone list,Drama,2005,10-01-2005,USA,40195149.34,55408856.9,95196481.03,7471970.29,22852498.39,5.3,47,651,1403,Raymond Morris,Mr. Michael Snyder
959375,Much agreement,Drama,2002,10-11-2002,Australia,11337555.0,5554453.47,11337555.0,909922.62,2955030.97,5.9,55,5307,2541,Susan Farley,Morgan King
55071,Design degree,Drama,1989,02-11-1989,India,4496523.79,4286315.26,10271805.49,822213.17,2115726.65,6.5,64,12839,50,Jessica Singh,Casey Lloyd
21220,Condition prepare reason discussion,Romance,1992,08-08-1992,USA,4734014.94,7263791.22,14444148.98,1941787.15,3762224.15,7.4,80,4967,2425,Adriana Campbell,David Clark
430194,Season structure,Drama,1984,01-11-1984,USA,401948.47,685372.31,1147225.95,175772.59,370997.94,7.0,75,576,2088,Ashley Medina,Cindy Barnes
992619,Note explain,Action,1996,01-10-1996,France,2970751.75,4896892.02,11349419.2,1163532.16,2641659.48,5.0,36,63084,2984,Francisco Ford,Jeanette Archer
123552,Middle environment standard,Comedy,1958,11-04-1958,USA,4749099.25,9387059.6,19669090.35,2291869.41,5400032.91,10.0,100,674,223,Dr. Jonathan Long,Becky Kerr
432317,Again show great,Documentary,1957,30-11-1957,UK,3074328.53,2166883.11,3288200.34,619744.62,1105371.52,6.7,69,2842,691,William Carpenter,Ashley Juarez
274637,Against beyond,Horror,2019,30-10-2019,USA,8178981.42,12391384.67,24527989.24,1569276.78,6812377.95,5.6,60,8624,2697,Chad Koch,Christopher Benson
115139,Learn price citizen,Action,1969,17-01-1969,USA,4344065.05,11893607.69,17710821.35,2968697.98,6452911.52,6.9,86,653,73,Albert Phillips,Sabrina Massey
431447,Medical machine foreign,Drama,1964,12-11-1964,USA,4792797.69,8118293.34,14615504.05,1032854.35,3909234.89,5.8,65,6596,2500,Kim Watkins,Dennis Rogers
92661,However chair yes,Thriller,2019,18-09-2019,Australia,10940736.71,10711040.41,22336770.04,1867825.89,5189292.58,7.3,64,100,957,Kim Watkins,Ronald Thompson DDS
450103,Method everyone,Thriller,1988,03-01-1988,USA,2562397.27,5860643.02,11270394.41,1707819.1,2510127.43,9.1,96,11166,336,Chad Koch,Tracy Williams
348667,Business choose,Comedy,1997,15-05-1997,USA,26632642.98,16622589.79,41186852.34,4750653.61,7523970.05,6.2,60,2052,10084,Renee Campbell,Mckenzie Perez
344475,Enough car arrive who,Drama,2019,16-02-2019,USA,229547.13,398382.05,953788.73,92629.3,215733.43,7.2,80,1149,311,Robin Hooper,Samantha Sanders
483616,Assume movie structure,Romance,2023,30-12-2023,USA,12279205.19,7310885.79,13976823.92,1666126.63,4183301.48,6.1,48,9726,1877,Karen Barrett,Scott Anderson
508946,Rock manager morning no,Romance,1986,03-05-1986,USA,9297752.58,15900857.32,29390630.03,4282938.87,7433682.01,4.0,43,102,83,Rachel Hayes,Meredith Williams
481189,Wind thing include,Comedy,2001,10-10-2001,USA,9921852.97,12248219.06,18018817.97,1974524.1,5172999.98,4.7,54,2221,509,Anthony Rowland,Brittany Kelly
441452,Whom meet understand,Horror,2015,23-10-2015,Canada,3785559.31,7255715.91,17001049.09,1867620.95,4233763.0,7.3,76,1785,50,Matthew Beck,Kevin Fernandez
531788,Policy whose threat,Romance,2008,25-07-2008,USA,1591778.18,2458952.89,4229703.58,471518.64,1432932.49,8.5,81,637,50,Michael Ross,Samuel Wyatt
556419,Understand manage,Comedy,2009,09-04-2009,USA,16447533.35,9846151.63,18916044.65,1769384.98,3992432.98,5.5,72,2395,231,Chad Peters MD,Dennis Perry
973423,Child institution past,Drama,1953,20-10-1953,UK,10425808.01,12841555.44,21732981.41,3834032.57,5680229.07,7.0,68,1828,50,Jessica Rodriguez,George Green
386543,Care subject,Comedy,2018,30-12-2018,USA,1306079.61,3011429.86,4431813.21,711836.91,1318889.42,8.0,82,8486,743,Thomas Peterson,Mark Morris
25769,Free catch,Romance,2017,25-03-2017,Japan,2975115.24,6139951.69,11417708.96,1193909.73,3291055.24,4.7,73,2296,370,Dr. Jonathan Long,Alexander Haley
470129,Attack third director,Drama,1998,12-10-1998,USA,4982530.7,16351272.46,23760184.37,2960489.53,7309260.15,5.1,65,625,526,Rachel Kirby,Christopher Green
931864,Nature too,Horror,1957,12-03-1957,USA,13931737.13,31622831.16,54684514.22,4062457.43,12831781.02,8.2,81,3488,7069,Karen Barrett,Sierra Brooks
488470,Collection,Drama,2015,20-07-2015,USA,18067984.98,22286519.38,42780761.38,2626022.44,11240780.17,8.1,69,126040,2291,Sara Higgins,Becky Dean
200615,Simple six,Drama,1990,26-11-1990,USA,540541.53,811117.99,1963605.45,103991.74,452672.53,9.8,90,601,3622,David Lee,Elizabeth Shannon
740446,Occur last join,Drama,1974,06-08-1974,Canada,14333884.25,23591823.44,49268253.99,4072697.52,10906504.02,5.9,79,11592,50,Michael Chung,Brandon Davidson
969439,Shake minute writer,Horror,1964,18-02-1964,USA,485972.25,651801.77,969507.12,134934.86,265981.93,6.5,52,12196,50,Diane Skinner,Logan Martin
805805,Rather bill project,Drama,1979,03-06-1979,USA,81555532.19,132687975.8,193961097.7,35410948.62,73342242.04,6.0,46,60694,834,Anthony Henry,Amy Gomez
98606,Employee range such prepare,Romance,2002,19-12-2002,USA,427561.02,853621.94,1503427.57,234635.83,483644.19,6.0,61,1844,870,Melissa Cohen,Mr. Michael Snyder
303098,Clear close house,Drama,1973,27-03-1973,China,1317601.17,897142.45,1535560.84,235930.68,466995.01,3.2,43,2028,1634,Sonya Clark,Tracy Williams
765403,Happen member,Comedy,2011,18-03-2011,USA,967713.82,2438571.93,3610220.76,262191.01,1282238.97,6.7,81,7809,50,Donna Hall,Theresa Cooley
716165,Answer leg,Drama,1988,22-03-1988,USA,726682.0,1602885.68,2556155.64,441573.78,764163.93,5.5,54,2937,1028,Brian Robinson,Alan Mullins
519049,Police contain,Drama,2023,22-05-2023,Australia,3815797.95,10364998.03,17352758.24,1771631.14,5058536.88,6.2,69,7434,7914,Jennifer Miller,Deanna Johnson
538357,Clearly behind,Comedy,2016,30-07-2016,Japan,1754743.75,1358673.58,2014510.38,258662.83,599057.19,7.1,60,10330,431,Kevin Green,Miss Jennifer Parsons
442080,Professional project itself,Comedy,1987,20-08-1987,USA,3744064.22,10079175.16,16877725.47,2178800.49,4054859.9,7.8,82,5345,217,Donna Hall,Ashley Reeves
421034,Pm serve opportunity,Drama,2002,25-03-2002,USA,1255367.88,2791933.57,5313068.88,783884.08,1391756.34,6.0,55,21519,238,Donna Hall,Joseph Contreras
185499,Call relate down,Action,2003,15-10-2003,France,3403000.63,6209878.61,14629450.87,730429.18,2711788.48,7.8,94,964,1743,Diana Davis,Brandi Moon
62037,Stand democratic,Comedy,1986,22-11-1986,USA,11372057.98,27256172.83,52945683.5,7172894.01,13745815.68,7.0,72,1827,1073,Suzanne Gonzalez,Nicole Turner
26707,Prevent cut opportunity,Action,1995,03-04-1995,USA,409111.49,1116045.46,1879202.38,180518.42,574124.82,5.7,50,2124,617,Mark Moody,Christopher Hurst
178229,Thank,Horror,1973,04-03-1973,USA,877664.28,1533210.83,2543578.26,419958.81,672978.1,4.8,50,8207,714,Albert Phillips,Brandon Green
265705,True tree,Action,2023,25-09-2023,USA,17436175.44,13090745.2,20676249.48,2900381.89,6735487.51,4.8,38,606,233,Manuel Benton,Mark Morris
198494,Environment section,Romance,2006,07-05-2006,USA,2814991.78,2245470.19,4095452.84,305165.23,959366.28,7.4,93,6360,67,Kevin Green,Sabrina Massey
373299,Chance admit today,Thriller,1998,01-09-1998,USA,646060.66,631280.32,1440974.67,150926.62,318536.32,7.7,86,5906,440,Philip Simmons,Lauren Horton
836405,Recent main position,Drama,1989,31-03-1989,USA,9478988.71,9137363.05,19411658.34,2437312.83,4447230.15,5.4,35,6583,6001,Melanie Olson,Tyler Cooper
160614,Drug despite,Comedy,1999,10-01-1999,USA,503212.47,1160534.72,2143127.29,344203.66,582295.85,8.1,79,273,1319,David Lee,Samantha Sanders
71973,Travel pressure pay,Documentary,2020,16-04-2020,USA,7577527.32,10853084.44,23484500.97,3171860.66,5124351.14,3.7,37,4359,3288,John Jones,Mathew Castillo
939644,Nature discover none,Drama,1983,20-04-1983,USA,624508.46,940921.51,1669200.0,265068.49,462926.4,6.8,71,4214,5726,Sharon Wilson,Catherine Rogers
45679,Him positive,Thriller,2008,08-03-2008,Canada,5901899.88,11471112.67,18358638.32,1835621.34,4756097.41,5.1,50,1831,314,Judy Walker,Dawn Blake
599915,Campaign take small,Horror,1994,14-06-1994,Canada,18280750.91,17370374.36,38954993.29,4282740.09,10352269.54,6.2,65,81099,70,Elizabeth Lane,Sierra Brooks
352278,Modern forward,Drama,2023,28-02-2023,Canada,1280089.44,1853028.87,4414841.28,482212.68,1025085.44,5.4,65,1669,1308,Donna Wagner,Stephanie Ferrell
458904,Him answer summer,Thriller,2023,03-11-2023,USA,2515542.67,5521972.26,12381043.21,1189634.19,2421744.74,8.4,100,572,1007,Crystal Harris,Peter Sanders
777379,Mind save market wide,Documentary,1982,24-03-1982,USA,5205981.83,14762057.78,24893751.48,3103807.65,6090846.4,5.3,54,11097,147,Tara Underwood,Stephanie Stokes
893665,Over call,Romance,1997,21-11-1997,USA,952725.8,1595641.58,3580517.03,210334.16,865789.85,7.2,88,561,2240,Elizabeth Lane,Jennifer Hendricks
488709,Growth instead especially,Thriller,1996,08-04-1996,USA,2190881.47,4827268.37,7329058.1,1251343.49,2238717.81,7.6,71,1660,1005,Claudia Smith,Sydney Jordan
360636,Go official,Romance,1970,23-02-1970,South Korea,457746.02,599113.92,989544.08,109523.72,355944.79,5.1,48,2550,1536,David Charles,Ashley French
384369,Dinner particularly,Comedy,1970,13-10-1970,USA,1032464.86,690714.05,1314190.8,70527.79,362434.15,6.6,65,2426,1424,Robert Webster,Jennifer Cook
194703,Onto visit,Thriller,1971,28-04-1971,UK,741169.27,594110.36,1246529.58,145196.4,315688.65,7.6,80,204,152,Chad Peters MD,Jeanette Archer
186263,Door thousand,Drama,1981,06-09-1981,Australia,1485742.56,1298798.29,2102025.44,143874.0,579748.05,9.3,96,17728,1272,Melanie Olson,Jennifer Cook
743971,Wind low,Thriller,1967,09-03-1967,USA,3860361.53,4145062.14,6870182.57,774112.02,2186650.85,5.6,54,5480,50,David Hall,Daryl Douglas
768294,Firm,Thriller,1991,29-09-1991,USA,17579559.05,32841918.15,69852846.56,9619901.29,14299740.98,5.3,55,675,50,Robert Hendricks,Brandon Green
394961,His would middle,Action,2021,30-06-2021,USA,7176215.32,12474820.61,25716573.24,2652007.71,7112729.15,6.6,66,1740,492,Michael Ross,Diane Jacobs
573358,Style family,Romance,2018,27-05-2018,USA,4392423.41,7277136.36,18047980.27,1123976.24,3049092.14,6.4,67,706,766,Sean Howard,Greg Ball
928829,Possible be,Comedy,2012,21-11-2012,USA,69275100.52,147309100.3,232751840.0,39421707.3,69886090.9,5.7,51,1725,2694,Paul Rogers,Jennifer Richards
992296,Lose really,Comedy,1989,11-09-1989,USA,24043087.94,16689269.18,24043087.94,4533467.93,9952620.53,10.0,94,1082,632,William Carpenter,Pamela Frey
736362,Store send maybe,Drama,1987,30-08-1987,USA,1400151.58,1839159.47,3517565.21,216973.7,921715.09,4.7,55,4259,1467,Barbara Torres,Alyssa Wolfe
723092,Product remember,Sci-Fi,2005,04-08-2005,USA,4859905.08,5699554.87,9269555.08,1662888.56,2576507.21,7.4,80,660,135,Denise Horne,Russell Martin
496376,Strategy recently,Action,1994,14-02-1994,Canada,2503685.69,4236780.76,9963382.52,899545.1,2379870.84,6.6,72,408,403,Jennifer Willis,William Ramirez
189081,Word money,Horror,2017,01-02-2017,USA,1025031.93,453250.9,1047876.05,54606.66,269093.5,7.6,86,5076,50,Jerry Owens,Joy Huber
829338,Stage result,Action,2017,29-10-2017,USA,2929680.53,2924944.53,6454529.9,862307.81,1362726.68,7.2,72,7096,170,Bryan Murray,Jason Ramos
414039,Natural sing buy,Action,2022,25-05-2022,USA,6367194.84,2902475.73,6367194.84,754939.48,1567042.1,7.1,68,6612,488,Stephanie Hayes,Jorge Thompson
752005,South grow study,Romance,1995,28-11-1995,USA,1774462.03,4378708.9,6763516.32,1212384.59,2477416.33,8.3,94,849,482,Daniel Brown,Jennifer Cook
199528,Clearly friend,Drama,2013,09-10-2013,India,3831093.69,9997621.2,16163428.51,2587817.53,5611678.83,10.0,84,24331,7715,Sonya Clark,Joy Huber
532187,House sing table,Thriller,1951,24-01-1951,USA,6988803.95,16108874.94,32762730.28,4592875.84,7602810.61,6.0,56,3223,83,Daniel Rivera,Carl Schneider
802692,Why continue,Comedy,2010,21-12-2010,USA,5618652.6,13000958.35,23186571.8,2543975.01,6092239.96,5.4,66,10227,50,Bryan Murray,Alexandra Benitez
935025,Poor Republican,Comedy,1959,16-03-1959,USA,13677935.4,26284287.06,63988527.25,7369168.65,11969582.17,5.4,65,1218,211,Kristina Moore,April Murphy
514450,Dinner bank,Action,2011,19-05-2011,USA,22837576.78,19675067.1,42524555.15,2710151.86,11172442.03,4.3,43,6269,362,James Miller,Samantha Vargas
833755,Minute range husband medical,Romance,2021,15-06-2021,USA,16979757.5,12891470.16,32038292.54,2953976.22,5486193.19,6.2,70,5551,138,Jonathan Evans,Joseph Gonzalez
158993,Senior indicate example,Action,2000,14-03-2000,USA,3384575.76,7943398.79,14636799.71,1592840.46,3645670.5,5.8,51,1000000,3085,Bryan Murray,Brenda Wheeler
835083,Mrs sign,Drama,2006,15-08-2006,UK,14806191.85,24865775.37,50322372.78,3446435.72,14152764.94,4.1,41,1677,2119,Robert Webster,Jonathan Lee
607357,College their,Action,1997,09-07-1997,Canada,12416961.95,11427066.91,27068862.37,2605552.13,6120869.8,4.9,41,2618,50,Darrell Carlson,Samuel Bond MD
567224,Church nearly,Sci-Fi,1965,28-09-1965,Germany,8328760.22,13550967.82,23291555.17,2191067.25,5903193.26,6.2,68,5909,239,Shannon Ross,Alan Mullins
717637,Easy sure,Romance,1991,19-02-1991,USA,1611685.25,2059552.15,4130475.76,233250.58,1081871.53,2.4,20,34882,474,Benjamin Hudson,Victoria Phillips
120647,Something history,Thriller,1961,31-10-1961,USA,3642861.99,2147884.21,3642861.99,351114.01,1084269.63,9.4,100,4502,162,Samantha Campbell,Brenda Gomez
98151,Hard drive,Drama,1995,12-06-1995,USA,21333574.79,21364658.79,38855486.87,3846570.74,8634965.45,6.0,59,655,333,Tara Underwood,James Erickson
740315,Environment go knowledge,Romance,1988,18-05-1988,Japan,10922490.31,17961114.82,28740085.12,2542709.45,10188899.97,3.8,35,1550,50,Amanda Montgomery,Trevor Lee
795486,Party side modern,Romance,2008,31-08-2008,China,5332594.8,3173882.0,5332594.8,820286.3,1900347.28,6.9,72,4387,1718,Melanie Olson,Kimberly Smith
638309,Focus improve especially,Comedy,1995,04-11-1995,USA,8433225.83,5749938.13,11000849.5,1028796.78,3014520.76,7.2,78,6425,193,Benjamin Ray,Jennifer Cook
859618,Sort hand seem,Comedy,1985,20-07-1985,USA,661134.39,575706.99,1396839.93,84204.21,238614.77,4.8,40,1060,89,John Jones,Vincent Suarez
30321,Theory yeah,Romance,1986,19-04-1986,Canada,1041697.48,1164891.25,2910582.17,240573.86,602152.32,7.2,81,3988,443,Hannah Camacho,Teresa Santos PhD
622550,Allow,Comedy,2003,18-05-2003,Australia,12064044.09,10218350.49,14672282.3,2468613.18,5919321.1,5.5,51,379,234,James Miller,Paul Glover
27964,Data minute very,Drama,2012,03-03-2012,USA,11535593.06,5377671.98,11535593.06,1544697.23,2594889.29,5.0,56,8058,50,Jennifer Willis,Brandi Moon
896187,Send west box,Action,2002,20-07-2002,USA,15943268.07,19741552.09,33826674.29,5843558.17,11357663.57,6.7,80,118,795,David Charles,Theresa Cooley
528533,Indicate chance choose,Drama,2006,10-05-2006,USA,10039445.81,7273348.49,12604498.14,1682171.43,3651190.06,8.7,100,7036,4418,Sonya Clark,Melissa Melendez
91198,Fire defense painting,Drama,2019,06-03-2019,USA,21780057.06,20826691.41,40401654.81,2338716.07,10297296.03,8.2,59,3838,141,Jennifer Miller,Greg Ball
644428,All player,Documentary,2024,22-09-2024,Canada,755762.83,488973.59,755762.83,137327.32,227446.69,9.6,88,46036,50,Dr. Jonathan Long,Greg Ball
361513,Either teach letter,Thriller,1988,07-11-1988,USA,9631753.14,8611169.72,21338591.68,2150731.28,4994219.12,6.4,50,142,65,Tyler Sanchez,Cassandra Dennis
949641,Develop meeting,Sci-Fi,1993,03-07-1993,USA,22222747.47,65075599.05,99600247.63,17017839.15,31587490.97,6.5,74,2499,3129,Bethany Rodriguez,Melissa Cain
735052,Society store glass,Action,1993,05-01-1993,USA,1259851.26,4077232.93,6255629.95,431314.22,1854057.04,8.6,86,323,50,Lisa Atkins,Ronald Herrera
15921,His choice adult cost,Drama,1987,02-08-1987,India,1946617.21,1174959.07,1946617.21,129092.6,698297.73,5.2,45,1518,89,Christopher Roach,Valerie Dennis
871823,Week art last,Documentary,2012,14-08-2012,Australia,906203.01,497725.49,906203.01,57243.52,235409.79,6.7,68,10278,118,Lisa Atkins,Carla Dougherty
346149,Worker phone,Sci-Fi,2020,17-02-2020,USA,82654355.77,81156214.53,155372774.7,20784345.53,47189528.54,5.1,66,1089,5022,Ashley Medina,Catherine Rogers
597099,Development relationship man note,Drama,1983,12-03-1983,USA,631161.39,1134733.05,2571148.76,215173.12,616109.15,6.1,60,1050,659,Amanda Cantrell,Brandon Mcguire
306874,Focus analysis,Horror,2015,09-09-2015,Canada,45188835.16,105230048.6,221944191.1,29205233.34,54018354.51,4.0,41,2696,16034,Chad Peters MD,David Hart
909952,Fight future less,Thriller,2013,28-02-2013,Japan,4220760.73,5916538.48,12859744.06,1569942.63,3031574.45,5.1,34,1567,50,Carolyn Schwartz,Casey Briggs
877866,Run million,Drama,2010,10-09-2010,USA,55075979.14,30973839.09,55075979.14,4978914.74,15260015.41,8.4,77,2202,254,Heidi Cisneros,Alan Mullins
923538,About event,Drama,2019,05-09-2019,UK,3080901.71,4785014.69,11314605.13,1402367.09,1959764.78,6.6,66,1239,1849,Denise Horne,Joseph Gonzalez
462526,Congress,Sci-Fi,1961,08-02-1961,India,608659.58,965741.32,1390154.44,166534.08,397264.86,7.8,68,396,1986,Sonya Clark,Leonard Contreras
662244,Apply whether son,Thriller,2008,25-08-2008,India,3906292.32,3232288.37,6322443.25,739720.76,1627123.16,6.6,79,838,538,Raymond Morris,David Clark
696212,Officer child phone,Thriller,1984,17-04-1984,UK,659321.62,1392889.13,2228239.25,173988.69,696370.56,6.6,72,1698,14216,Philip Simmons,Morgan King
141888,Loss provide too,Drama,2023,14-05-2023,USA,5141972.89,5504423.9,13322468.13,1365799.77,2818554.51,6.7,57,397,50,Michael Ross,Courtney Butler
604825,Deep,Comedy,2008,02-10-2008,USA,5472249.31,14523882.53,22660238.82,2494675.18,6912625.75,6.9,59,984,236,Maria Lane,John Barker
584243,Scene treat,Thriller,2000,10-04-2000,China,610133.27,944945.67,1607897.93,219891.74,394487.04,7.6,64,2129,134,Anthony Henry,Patrick Barnett
143249,Clear doctor,Comedy,1994,12-02-1994,USA,32572402.63,46641917.88,96522263.73,5503797.05,19464707.6,3.3,36,1013,646,Faith Franklin,Cameron Pineda
455702,Begin word,Romance,1965,05-05-1965,USA,958431.64,749155.21,1441972.8,190185.0,341909.07,7.1,59,1579,3161,Barbara Torres,John Ross
122339,Fast yard great,Horror,2018,10-08-2018,USA,6911888.94,2993676.29,6911888.94,895976.7,1692106.56,7.5,93,100,932,Paul Rogers,Jeffrey Smith
716008,Together Mrs,Romance,2018,01-11-2018,Germany,2172723.09,4379007.73,6480202.61,959234.89,1812682.02,8.3,95,14066,461,William Walker,Shannon Hunt
653636,Trial general over,Horror,2012,25-07-2012,UK,1613191.77,4075177.03,6066872.05,796475.99,2035870.69,6.3,57,4065,161,Thomas Peterson,Stephanie Moore
358748,Instead movie treat,Horror,2003,16-05-2003,India,1094399.44,2486516.4,4310715.06,609274.75,1180036.83,7.4,77,1347,636,Philip Simmons,Ronald Herrera
656053,Take exist good,Drama,1984,17-08-1984,USA,2802352.85,7806452.78,12368143.33,1781058.22,3972164.59,8.3,57,1062,4091,Jonathan Evans,Sheila Dunn
321780,Subject who,Comedy,1987,31-01-1987,USA,1222073.34,1526446.97,3089359.28,228497.34,683961.26,6.0,44,2195,1487,Sara Higgins,Christopher Hanson
540479,State paper decide,Comedy,1989,05-03-1989,USA,1797355.41,2310896.61,4463181.11,517290.59,1154613.08,4.5,59,28998,2012,Karen Smith,Cameron Pineda
751996,Reflect dream sense,Sci-Fi,1988,05-03-1988,USA,2891399.2,3389178.86,8466866.93,542154.83,1755243.46,5.8,74,4039,163,Elizabeth Lane,Jason Chavez
183569,Think member,Horror,1981,06-02-1981,USA,1194865.06,2477506.47,4435594.04,421432.28,1384659.88,7.8,48,9219,29819,Jeremy Davis,Brenda Wheeler
665940,Stay local town,Romance,2022,20-11-2022,USA,15817743.02,17724390.55,44083725.32,1923197.12,8955510.33,6.4,62,1087,1587,Sonya Clark,Heather Allison
568229,Whose speech,Drama,1978,29-09-1978,UK,603083.55,1388176.56,2805849.2,250372.11,715001.59,5.3,58,5230,2238,Kayla Young,Victoria Phillips
119620,Evidence white,Drama,1993,21-03-1993,India,181496.23,85246.95,181496.23,11520.15,40451.91,6.3,55,14230,1445,Nicholas Murphy,Thomas Hill
861634,Health field however,Comedy,2010,25-04-2010,USA,3137880.71,7954277.27,13175950.78,2062104.52,3614933.35,6.7,56,12480,482,Robert Hendricks,Elizabeth Shannon
780381,Hotel wish,Action,1992,03-10-1992,USA,1463505.75,3354275.24,7303205.8,487456.21,1761877.03,4.3,33,253,656,Philip Simmons,Robert Walker
252027,Performance over executive,Romance,1990,25-08-1990,Canada,466639.55,862390.61,1281406.57,194247.89,412509.27,3.5,24,1694,50,Jeremy Ray,David Martin
394958,Space,Comedy,2001,07-12-2001,USA,100000.0,44572.0,100000.0,10043.95,19704.72,7.6,63,2803,3134,Donna Hall,Heather Williams
542973,Base keep,Sci-Fi,1967,13-01-1967,USA,12157480.64,16845901.7,38841628.38,3159752.45,6773677.28,7.2,75,76256,12745,Tara Underwood,Tonya Campbell
858939,Though everyone another,Drama,2003,25-04-2003,USA,4465039.82,4638949.87,11391618.73,840884.55,2526347.98,6.3,58,285,463,Raymond Morris,Russell Martin
298013,Although,Comedy,2007,13-02-2007,China,2734653.48,4067350.91,7232870.95,920706.63,1823985.96,6.5,69,1109,519,Philip Simmons,Paul Glover
285676,Claim yes dream,Drama,1982,01-08-1982,USA,2663842.46,4320001.35,6523212.75,858401.19,2285218.84,6.3,51,4276,284,Rachel Kirby,Mary Wolfe
858681,Adult heavy direction,Drama,1980,13-11-1980,USA,225207.96,319195.5,730508.93,69878.99,161037.18,7.1,58,4137,78,Jeffrey Neal,Kathy Marshall
432372,Success economy,Romance,1985,05-09-1985,UK,1439549.61,3496082.98,5922414.56,636355.87,1539837.74,8.0,89,2988,50,Mrs. Hannah Campbell DDS,Nicholas Williamson
307799,Become unit,Comedy,1969,23-05-1969,UK,1211907.01,2048593.09,3318572.85,284522.13,1086374.72,5.5,49,369,50,Michael Chung,Jason Mercer
373281,Specific,Drama,1970,19-05-1970,USA,100000.0,211268.41,351725.4,21755.65,108826.87,6.7,70,13805,142,Brandon Fuller,Alexander Haley
648368,Beyond end seem,Comedy,2025,21-10-2025,USA,125991.97,183718.62,277437.17,30374.75,73938.91,8.0,74,84387,533,Dr. Jonathan Long,Robert Reynolds
49624,Science big candidate,Comedy,1998,25-09-1998,USA,17074715.03,11933702.97,29278907.14,3529135.76,7097427.18,4.3,50,83773,50,Kelsey Ellis,Melissa Mcgee
330567,Let forget type include,Horror,1988,30-08-1988,USA,985062.72,1325297.31,2993187.14,252861.8,659503.4,7.3,81,2486,1272,Gary Simmons,Matthew Simmons
580404,Some play window,Romance,1964,20-12-1964,Germany,1083013.56,1142133.24,1771691.78,131438.11,529150.35,7.8,60,10459,50,Mary Mitchell,Catherine Rogers
148485,Week first character,Action,2021,09-03-2021,USA,10740340.46,4777882.22,11521149.8,1015970.56,2695614.54,5.5,50,2740,582,Jordan Orozco,Ian Williams
951690,Stay tend,Drama,1980,16-07-1980,USA,841447.03,2538943.5,3856177.82,439797.83,1040937.93,4.8,62,4752,124,Nicholas Murphy,Olivia Ortiz
489114,Voice six,Action,1984,01-02-1984,USA,3442512.94,2260085.69,3442512.94,660464.12,1261501.41,3.9,38,311960,7554,Bethany Rodriguez,Sarah Nelson
964938,Response far,Romance,2005,09-03-2005,USA,44507003.27,66486614.76,128009379.0,18366730.87,33287376.18,7.7,100,236,50,Troy Cochran,Amanda Lawson
352952,Age old,Drama,1977,22-09-1977,USA,273675.42,352513.91,757873.83,59700.73,188278.15,6.0,59,2696,1440,Daniel Brown,Cynthia Little
214218,Huge assume vote account,Action,2017,05-01-2017,USA,312002.86,189911.29,312002.86,36016.41,79859.94,6.4,42,5255,4881,Gary Simmons,Benjamin Mitchell
43275,System money,Drama,1996,21-12-1996,USA,2620969.42,7352345.62,12084977.64,895811.95,3182737.89,5.2,42,5572,50,Kayla Young,Christopher Benson
974828,Public,Romance,2022,14-03-2022,USA,459417.77,680616.92,1491559.1,103559.37,339592.59,8.3,73,2363,5183,Karen Smith,Christopher Hanson
480990,Set perhaps plant,Drama,1988,09-02-1988,USA,5564003.99,13963397.82,26620536.03,4075600.0,6267685.05,6.3,58,17751,311,Mary Mitchell,Catherine Willis
125146,Week mother,Comedy,2025,22-10-2025,UK,18777300.7,59189495.93,89905631.46,10516503.83,31973946.68,7.0,72,5079,4319,Emily Miller,Christopher Hurst
655616,Shake,Action,2018,03-11-2018,USA,961325.51,1626616.09,3449700.49,434697.5,950672.11,6.9,56,1111,84,Jacqueline Briggs,Jennifer Moore
522841,Program step,Drama,2006,21-10-2006,Germany,180085.04,291892.39,602320.85,29742.56,121998.3,10.0,98,677,103,David Hall,Marissa Pena
942406,Sing enter,Romance,2020,24-04-2020,USA,7739561.68,16367627.96,33767715.11,3762923.41,8356819.03,5.3,51,6753,88,Thomas Peterson,Jorge Thompson
113388,Himself production,Horror,2002,27-02-2002,USA,3679756.9,8206925.0,17800288.35,1938396.24,4317366.44,6.2,57,1967,455,Matthew Beck,Noah Harrison
590300,Job college,Romance,2000,17-06-2000,UK,4121276.22,10248323.19,18773510.04,3069673.45,5008878.86,5.6,65,2367,215,Daniel Rivera,Eric Obrien
849983,From laugh,Action,2019,20-01-2019,USA,12847403.22,31597066.69,62659677.81,8933597.82,14141844.25,8.3,67,2823,638,Mr. Jorge Anderson,Eric Obrien
592288,Film yeah,Comedy,1983,15-07-1983,China,19230137.67,9756229.22,19230137.67,2175887.16,4810959.51,5.0,35,1883,2372,Patricia Munoz,Jamie Cunningham
340742,Teacher lead,Romance,1984,21-02-1984,USA,7150927.81,3115282.4,7150927.81,799642.88,1814777.58,7.8,84,25889,93,Samantha Campbell,Carolyn Calhoun
184781,Clear beautiful,Drama,1972,26-10-1972,China,11221922.1,24310257.62,39506943.71,3851012.82,10125325.32,6.7,63,39139,432,Chad Koch,Meredith Williams
681024,Whatever suddenly,Comedy,2023,03-03-2023,USA,31841971.71,80373879.89,127975005.0,12047130.51,34324586.21,5.9,62,49718,1555,Andrew Chambers,Daryl Douglas
698252,Concern and industry month,Drama,2017,14-01-2017,USA,1623245.29,2834578.77,5388974.87,662405.45,1342790.02,8.2,100,5691,98,Michelle Collins,Johnathan Chen
901516,Daughter my,Thriller,2016,17-08-2016,India,803046.59,1732955.23,2588057.67,418977.29,756551.2,6.8,78,752,50,Darrell Carlson,Vincent Suarez
487425,College young,Action,2025,15-03-2025,USA,2457440.81,3852344.43,6996703.86,1119607.74,1743726.51,3.4,22,32629,1183,Gary Simmons,William Crawford
326076,Material,Horror,1965,22-11-1965,USA,920195.59,1066855.7,2099587.71,152934.36,507835.71,4.3,47,12085,979,James Wright,Paige Gonzalez
932934,Your what professional,Horror,1981,10-05-1981,USA,8865481.96,18471699.99,34637472.4,5279210.04,10318054.19,6.5,73,3066,57,Kristina Moore,Johnathan Chen
843058,Study full war,Action,1973,22-09-1973,USA,860077.51,434498.05,860077.51,81760.46,245099.65,7.2,57,23913,2113,Benjamin Ray,Richard Mata
987404,Husband paper without,Comedy,2016,24-09-2016,India,969374.11,2602053.43,3920964.24,419568.6,1405838.55,5.6,72,1735,50,Diane Skinner,Robert Garcia
13374,Light father,Action,2005,08-01-2005,USA,1235954.49,1224518.81,1761209.57,161958.3,567183.68,5.7,61,1867,482,Michael Chung,Michelle Thomas
995315,Record road fine,Drama,1995,16-08-1995,USA,7743149.34,5237677.91,7743149.34,1184147.7,2965431.82,6.1,59,19384,1047,Sean Howard,Nicole Morales
259362,Republican southern term,Comedy,2020,12-02-2020,USA,22342076.98,51154061.16,93834267.21,14234915.77,24167914.82,5.3,70,2661,122,Francisco Ford,Melissa Mcgee
795259,Increase key under,Sci-Fi,2001,21-02-2001,USA,1539879.44,2192064.03,3565419.0,401332.07,932160.63,3.8,36,2466,3151,Hannah Camacho,Logan Martin
652904,Drug seat drug,Action,1983,10-06-1983,USA,1176902.03,2190430.19,4136725.06,380508.99,1142785.98,6.1,65,1875,6969,Jennifer Henry,Cameron Pineda
490878,Care candidate figure,Thriller,2020,12-02-2020,USA,31822615.0,82724911.43,142212950.8,19386257.85,44023684.45,5.4,71,1534,3113,Jordan Orozco,Sierra Brooks
466440,Put your,Romance,1993,17-09-1993,USA,393045.18,169585.93,414451.2,43681.25,73724.31,4.9,40,2181,645,Philip Simmons,Logan Martin
657315,Important standard after,Action,1964,30-10-1964,USA,23227778.13,37496380.85,71151338.45,9736237.8,16788739.82,5.7,78,2698,481,Jennifer Miller,Melissa Cunningham
836339,Property painting because,Action,2017,02-09-2017,USA,1034106.31,2131109.56,4628079.73,213227.1,1018454.78,6.5,66,427,348,Chad Koch,Miranda Armstrong
134217,Hold choose,Thriller,2018,09-02-2018,USA,18165858.71,17303357.86,27978970.08,2255803.67,9059258.58,4.0,44,3157,208,James Wright,Patricia Keller
145155,Here very,Horror,1968,29-01-1968,China,8238584.64,16891328.99,27402243.23,4481733.25,7147746.49,5.6,37,5670,319,Charles Lopez,Nicole Dawson
527357,Image media,Documentary,2007,24-01-2007,France,653469.77,1339311.22,2238969.99,273105.78,774075.48,3.4,47,1058,210,Thomas Peterson,Miranda Armstrong
880417,Series international take,Comedy,1966,18-10-1966,USA,8559829.83,9476413.56,21616008.81,1159071.95,4430197.29,8.4,87,16066,147,Michael Richards,Robert Garcia
847804,So concern feeling rich,Action,2007,22-11-2007,USA,1316016.11,1554786.19,3063212.35,259031.77,740383.9,5.5,66,4674,75,Donna Hall,Trevor Lee
965854,Decade similar,Comedy,1993,01-12-1993,USA,1063696.12,2431647.66,3584047.59,465126.94,1381336.09,6.3,55,135487,1443,Jessica Rodriguez,William Washington
304683,Onto civil event upon,Comedy,2010,04-07-2010,France,16587615.99,11514694.59,19633338.35,2028083.34,4789768.85,8.4,86,4987,50,Christopher Roach,Dennis Perry
902072,Dog eat carry,Thriller,1962,31-03-1962,USA,31416908.78,62630572.42,109945136.2,14275297.13,28002652.0,6.7,48,42853,503,Daniel Rivera,Jimmy Smith
602845,Attack,Drama,2005,05-02-2005,USA,26327042.84,30049387.35,43264019.93,4929453.61,13086298.87,6.5,65,541,304,Sophia Gomez,Sheila Dunn
813896,Between long action,Comedy,1985,31-03-1985,UK,3502650.19,1930514.52,3502650.19,411735.67,1006060.59,6.9,65,1165,210,David Charles,Laura Wilson
728235,Community imagine,Comedy,2015,08-10-2015,USA,3410089.88,6026303.27,12299428.19,1474961.61,2913233.45,5.2,44,3151,5919,Jonathan Evans,Paul Glover
630162,Spend government,Comedy,2008,05-09-2008,USA,21935175.98,29441513.36,53857168.39,4383796.43,12361039.12,8.2,63,7364,734,Daniel Rivera,Sarah Ross
955847,Should media,Comedy,2016,23-03-2016,USA,449402.5,1180695.15,1771895.45,242128.75,582625.95,8.3,83,7500,397,Caitlin Brewer,Benjamin Walters
762141,Five next book,Romance,1975,05-09-1975,USA,1531451.8,2881539.54,5093226.37,553662.07,1620378.61,4.9,45,19635,1935,Karen Smith,Kristina Krause
602328,Care concern,Horror,1965,03-01-1965,USA,125217.13,383882.19,617577.7,56437.32,207142.22,7.4,91,7165,77,Suzanne Gonzalez,Christopher Green
858787,Best one,Action,1993,08-01-1993,USA,26292388.0,33895113.5,49553128.21,5735687.37,16904544.95,6.9,67,2691,1741,Diane Skinner,Darren Jones
385484,Who available your,Sci-Fi,1977,20-07-1977,Australia,2344302.28,2304987.91,3425209.78,546032.97,1133145.4,4.1,41,5139,564,Michael Ross,Elizabeth Holmes
474812,Difficult stop,Comedy,1978,07-03-1978,USA,7018638.33,18242192.73,35003597.53,3734301.85,8008422.8,4.2,28,2183,1054,Nathan Bolton,Joshua Walker
550034,Scene child,Action,2018,26-06-2018,UK,9140618.38,26111756.91,39784325.48,4648840.26,10879148.65,8.9,73,8655,3485,Megan Sharp,Brandon Mcguire
573559,Throw know contain,Thriller,2020,16-03-2020,USA,1386030.88,1007588.33,1492517.23,260675.25,448297.55,4.8,61,497,857,Gary Simmons,Veronica Mills
329039,Shake,Action,2013,22-11-2013,USA,559982.2,461027.85,941540.6,109448.06,250389.43,8.4,91,1130,1588,Adriana Campbell,Anthony Rhodes
642789,Customer through,Action,1990,18-11-1990,USA,1315210.95,2244751.38,4544069.47,641006.03,1054111.56,7.8,74,535,5514,Karen Robinson,Patricia Keller
576650,Become machine,Comedy,2006,09-09-2006,USA,417504.8,343704.12,514597.3,37697.43,137483.77,4.2,34,3047,99,Suzanne Gonzalez,Mark Crosby
578366,Simply huge,Romance,2023,24-06-2023,USA,983262.84,748471.37,1435788.7,109368.17,389158.1,5.3,46,7924,326,Philip Simmons,David Perez
857348,Star blood prevent,Romance,1996,24-05-1996,USA,24258907.21,49956534.62,99839602.74,14932597.19,22871249.6,6.7,64,3844,312,Jacqueline Briggs,Nicole Morales
284922,Able agent rest,Romance,2013,02-07-2013,USA,12229096.39,19912211.1,31519467.72,5576546.95,10430133.53,6.6,77,5294,315,Michelle Collins,Michael Torres
13997,Compare,Romance,2020,04-10-2020,India,3144687.83,2415284.75,5524104.03,347692.95,1341898.4,6.6,62,761,1538,Robin Hooper,Jason Mercer
501170,Mind,Drama,2005,05-06-2005,USA,10398814.07,4659563.7,10398814.07,1259416.79,2110141.18,8.1,99,26733,50,Michael Ross,Kimberly Wolf
18043,Process magazine,Thriller,2010,02-07-2010,USA,422670.38,393804.27,886151.38,62020.33,168157.7,7.5,68,3653,93,Christopher Roach,Anthony Rhodes
292259,Account,Action,2001,28-05-2001,UK,100000.0,46829.28,100000.0,6484.05,19788.26,7.2,76,72408,83,Samantha Campbell,Terry Martinez
3919,Shake tend,Horror,1995,28-08-1995,USA,233915.21,152312.07,233915.21,29662.95,88268.64,8.0,74,8234,3668,Kayla Young,William Brooks
14063,Including accept worry,Drama,1990,15-05-1990,China,5762950.78,8246561.35,12949338.16,1732320.46,3623976.08,5.8,48,14717,50,Kelsey Ellis,Michael Martinez
817044,You avoid,Drama,2013,29-05-2013,USA,3071492.28,5565053.47,13877031.23,936478.05,2846350.91,2.8,33,105,334,Sara Higgins,Sarah Ross
809181,Should truth act mind,Romance,2023,19-12-2023,Japan,1002478.54,2097412.47,3305858.98,410022.43,917781.34,7.0,75,4711,50,Karen Smith,Jennifer Hall
403045,Family bring,Comedy,2009,23-08-2009,France,2884462.19,4169874.89,6145770.61,635666.9,1821001.57,6.2,49,785,991,Tara Underwood,Lawrence Thomas
627981,Kind son,Drama,1951,22-01-1951,USA,173685.61,347361.2,825662.51,100991.42,194208.35,3.8,32,898,50,Paul Weiss,Pamela Lopez
384263,As like particular,Romance,2004,14-01-2004,USA,1471895.17,619791.47,1471895.17,179936.99,296997.95,4.1,45,2553,2119,Mr. Jorge Anderson,Shawn Washington
249055,Attack name,Horror,2025,12-06-2025,Japan,1017062.18,1115560.8,2036392.14,162914.67,509471.78,5.2,58,32674,935,Joshua Baker,Marc Vasquez
67299,Management beyond change,Drama,2025,13-05-2025,Canada,5566335.37,11054335.24,16405659.77,2261032.65,5420121.74,3.0,35,2904,2534,William Carpenter,Tami Miranda
339779,Travel,Comedy,2003,07-06-2003,India,3201493.49,2189044.74,4005816.21,584337.44,1130252.5,6.9,80,548,50,Joshua Baker,Lorraine White DDS
853198,Begin oil story,Comedy,2013,07-04-2013,USA,4766197.32,8752499.32,19522500.85,1400317.01,4589393.75,6.2,64,55471,421,Brian Robinson,Larry Bishop
171974,Fire sing challenge,Comedy,2012,21-04-2012,Canada,2740146.95,1514016.81,2740146.95,445387.65,625187.35,5.4,47,2201,19539,Jacqueline Briggs,Elizabeth Holmes
330757,Practice election support,Romance,1963,03-04-1963,USA,15207825.33,25374823.27,38956153.89,4565921.49,12570178.48,6.2,73,755,99,Anthony Henry,Jennifer Hall
313680,Mrs land must,Drama,2001,28-06-2001,USA,723683.98,1005596.45,2094384.35,200156.69,459778.97,8.4,77,1283,1560,Mark Moody,Sharon Riley
81096,Our,Comedy,2024,19-08-2024,USA,5531957.18,6657918.54,12544425.36,779649.85,2884938.09,6.3,47,5396,1546,James Cross,Anna Vasquez
82749,Develop should,Horror,1990,07-04-1990,USA,1932541.09,1138893.51,1932541.09,335768.28,637595.96,7.4,83,2614,1034,James Cross,Richard Miller
139687,Fast yard great,Comedy,2015,08-09-2015,USA,41549153.79,116244893.6,177511505.0,32274394.4,49567572.96,6.5,64,1883,50,Charles Lopez,Monica Nelson MD
489620,Sing office hair,Comedy,1982,30-04-1982,USA,7945471.74,13706284.48,20236559.46,2345908.11,6774851.17,6.2,56,3566,611,Melanie Olson,Johnathan Chen
506532,Body thought,Thriller,2006,05-09-2006,Japan,463855.68,936268.73,2066536.45,99182.53,517047.94,7.6,66,3063,913,Donna Hall,Sandra Brown
358724,Home join successful,Drama,1998,24-08-1998,USA,6199684.74,8138571.8,20070045.53,1089757.4,4337690.34,7.3,58,1675,155,Janice Taylor,Mark Crosby
779454,Administration,Drama,1997,25-07-1997,UK,11156342.92,4578446.27,11156342.92,1196434.22,1938064.99,7.0,73,2227,317,William Banks,John James
633778,More body,Comedy,2019,08-05-2019,USA,124368.4,131380.24,244554.86,28300.52,54141.59,4.3,49,1842,2189,Daniel Rivera,Monique Harris
183514,Modern forward,Comedy,2001,24-06-2001,USA,14288256.01,12143219.39,20417759.48,3196818.7,6921085.16,7.6,82,8624,50,Chad Koch,Sharon Riley
33225,Second they,Horror,2007,11-11-2007,USA,8413743.73,10181055.8,18788483.94,2720846.79,4299400.64,7.0,81,4778,50,Jennifer Willis,Eric Nelson
567096,Pm service,Romance,1975,25-09-1975,USA,3498816.21,4034002.0,7523192.64,768794.82,2252190.97,7.0,66,153,200,Patricia Munoz,Miss Jennifer Parsons
819653,He behavior moment,Drama,1998,13-03-1998,Australia,1139450.64,1192458.78,1806039.76,250663.64,529776.76,7.4,66,624591,2049,Stephanie Hayes,John Ross
971391,Individual treat,Action,2025,10-06-2025,USA,5218788.81,11018921.87,17295268.31,2952226.14,6041558.89,3.0,10,2449,186,Diane Skinner,Mrs. Margaret Smith
182396,Air wrong,Action,1959,04-01-1959,USA,371343.4,270963.16,430285.16,50519.79,161768.37,6.5,65,2439,153,Melissa Hernandez,Brian Mccormick
52403,Interesting about management,Comedy,2018,10-05-2018,USA,1629130.74,892414.55,1629130.74,186110.39,445324.0,5.2,49,2057,94,Joshua Morales,Tracy Klein
605878,Over last,Romance,2011,04-08-2011,USA,7427432.37,21417069.82,36235364.76,6072781.99,9310723.73,6.2,54,11274,924,Joshua Morales,Christopher Green
505603,Car receive,Comedy,2021,05-12-2021,China,628050.19,353504.12,741654.99,104719.76,187619.68,9.4,97,627,264,Melissa Cohen,Miss Jennifer Parsons
127889,View practice,Documentary,1978,16-01-1978,Canada,9059323.42,12797663.49,30243081.87,3069396.14,6462239.88,8.6,82,413,107,Adam Brown,David Clark
84895,Spring somebody family,Action,1982,02-12-1982,USA,2792214.68,3863497.74,6592723.88,741533.34,1727336.6,6.5,78,638,274,Diane Skinner,Christopher Patterson
58836,Out,Drama,2021,29-05-2021,USA,917152.65,912185.07,1589434.5,251864.3,486979.27,6.1,63,230,6723,Kelsey Ellis,Tricia Thomas
510617,View more,Comedy,2006,26-11-2006,India,2428576.36,1406870.4,3307780.07,231362.64,821560.38,4.6,36,684,341,Melanie Olson,Stephanie Stokes
217161,Cell mission,Horror,1955,06-10-1955,USA,12050324.93,12852368.63,28589838.45,1953870.25,7566220.9,5.4,50,1411,839,Melissa Cohen,Paul Glover
751171,Move family,Thriller,2014,01-06-2014,USA,8091129.87,16957464.87,33744225.95,4479579.69,9805388.08,6.7,74,5668,123,Judy Walker,Victoria Phillips
793421,Time level,Documentary,1980,27-08-1980,USA,156574.55,185336.71,379576.72,36689.72,87537.06,3.4,40,22261,723,Charles Lopez,Robert Reynolds
742364,Although fear,Action,1994,21-01-1994,USA,380560.49,712979.11,1206831.34,118114.97,392533.76,6.5,57,7183,1619,Crystal Harris,Dominique Aguirre
423384,Seem develop,Comedy,1996,02-11-1996,USA,7330414.94,19151682.53,34448465.29,2171389.9,9258110.33,7.1,76,15147,586,Denise Horne,Alison Clark
408081,Congress vote already,Drama,2022,25-01-2022,UK,25984751.84,29802778.24,74429891.73,7968775.55,16536896.15,9.6,100,2875,1051,Francisco Ford,Gina Fernandez
151112,Nature even stop,Drama,2011,11-07-2011,USA,1023394.98,914733.67,1377945.24,228560.54,530101.84,5.4,55,4280,70,Tyler Sanchez,Shawna Bryant
337358,Style family,Thriller,2015,03-05-2015,USA,25311560.41,22403471.24,34782697.42,4169711.1,9897877.58,5.3,29,4683,2681,Sara Higgins,Logan Martin
512477,Kitchen wind,Sci-Fi,2017,16-02-2017,India,4290355.27,4120927.59,6622466.61,1095136.55,2317146.18,8.5,86,1388,132,William Walker,Holly Jones
273908,Since listen represent,Comedy,2010,04-08-2010,USA,1223001.6,3618326.0,5380673.17,432568.42,1978056.98,6.1,74,63486,143,Renee Campbell,Shannon Hunt
173547,Son nation true,Drama,2004,03-04-2004,USA,187318761.8,97376431.71,187318761.8,27811626.73,56897969.77,3.5,27,4203,50,James Cross,Patricia Ramirez
763198,Step Mrs,Romance,1976,13-08-1976,Germany,4597119.16,3020706.22,6049820.97,457327.0,1399336.98,6.6,58,621,495,Diana Davis,Christopher Green
474534,One president,Documentary,1971,15-01-1971,USA,126115900.2,201323208.6,491005247.6,47780670.45,100173353.9,7.0,63,10068,1329,Tracy Tucker,John Strickland
96437,Defense character way if,Drama,1999,24-07-1999,UK,38549156.49,96069376.69,172139405.9,11337605.5,44140655.2,4.8,61,29909,98,Karen Robinson,Holly Jones
456079,People statement,Drama,1972,21-06-1972,France,3790428.63,6467927.71,9351984.65,895905.49,3042138.85,5.8,75,449,538,Christopher Roach,Jamie Cunningham
547704,Since especially personal,Documentary,1995,02-09-1995,France,354807.0,169843.35,354807.0,48071.59,71121.58,7.2,62,11512,140,Shannon Ross,Ashley Gilmore
138802,Sound buy,Thriller,1974,28-04-1974,USA,5751315.17,7261992.74,11576936.5,1091282.78,3056674.11,6.1,59,1549,63,Patricia Munoz,Michelle Thomas
198506,Certain executive,Sci-Fi,1984,22-09-1984,USA,9752372.19,19673243.97,30007031.07,2155743.55,11485524.82,9.2,100,100,651,Tyler Sanchez,Olivia Ortiz
387673,Too call own,Thriller,2013,10-08-2013,USA,197125.37,350457.81,690426.77,59132.5,156100.06,6.9,40,5807,50,Mark Brooks,Jimmy Miller
939605,Nation receive ten through,Thriller,2004,08-08-2004,France,3175838.39,2141842.2,3647957.89,496264.15,1074250.87,7.8,86,3889,218,Oscar Santos,Nicole Turner
234037,Back,Thriller,2019,04-07-2019,USA,19478434.89,12113607.57,19478434.89,3390152.07,7010022.34,8.3,81,3586,186,Michael Ross,Samantha Vargas
785555,Benefit article,Comedy,1987,19-01-1987,USA,2356105.43,5992378.75,10347014.92,972129.0,3165482.53,8.1,75,15492,531,Melissa Cohen,Adam Williams
254293,Drop price whether,Action,2006,23-01-2006,USA,4750685.18,2684367.51,4750685.18,651678.7,1139982.97,7.4,72,7279,50,Brian Robinson,Kimberly Smith
780364,Option accept site,Drama,2025,31-01-2025,USA,100000.0,100165.57,241569.28,10117.65,50097.56,7.1,86,833,867,Jessica Gonzalez,Corey Johnson
363264,Offer hundred whatever vote,Drama,2020,19-01-2020,India,5583750.79,2413078.02,5583750.79,470867.57,1194529.8,4.9,47,100,8290,Kimberly Barker,Melissa Lopez
136060,Stand ever,Action,2011,11-06-2011,USA,647652.25,814022.68,1567404.84,229095.09,414531.93,7.1,85,1399,190,Brandon Fuller,Nicole Turner
51565,Political space take investment,Horror,2022,13-02-2022,USA,1371237.57,2664709.2,5482068.06,314702.91,1507486.97,7.0,60,33365,50,Samantha Campbell,Jeffrey Holloway
8718,Soon condition spring,Comedy,2009,04-03-2009,USA,1292757.98,636937.18,1292757.98,171234.02,375692.2,6.9,63,13382,393,Matthew Beck,Joseph Leon
835419,Run support over,Thriller,2023,12-12-2023,USA,4296444.83,4981412.75,9265557.2,1346501.73,2575588.78,4.5,40,463,50,Colleen Willis,Nathan Nelson
788690,Represent everybody be,Drama,2000,03-03-2000,USA,18436631.68,49861515.41,72640392.4,11412923.48,27215156.83,6.5,69,4984,2010,David Perez,Patrick Barnett
778958,Only six,Drama,1973,26-10-1973,South Korea,3719310.95,12648514.26,18292302.3,1601506.33,7002540.52,4.7,32,1658,488,Abigail Robles,Robin Dawson
864372,Scientist whom level store,Drama,1977,02-08-1977,USA,5103684.78,12638850.53,24826773.75,2841416.38,7015440.56,6.9,75,6649,1443,Karen Barrett,Dawn Blake
86460,They campaign seem,Comedy,2000,17-11-2000,USA,985017.91,1441121.09,2719989.8,309317.89,705336.99,3.5,22,34285,1784,Eric Ramirez,Rebecca Mejia
257327,Determine describe,Comedy,1975,04-03-1975,USA,411748.2,511181.48,1037235.86,61230.62,265209.89,3.9,39,426,410,Mary Mitchell,Laura Wilson
130278,According assume figure,Comedy,1999,13-12-1999,USA,238490.11,425473.69,973041.42,91625.2,209796.0,7.5,60,1377,50,David Lee,Michael Martinez
947556,Something want,Thriller,1960,09-02-1960,USA,20501879.92,10514965.47,23517704.19,2378574.6,5318887.77,5.4,47,486,1254,Maria Lane,Michelle Thomas
182432,Set action series,Horror,2015,10-10-2015,France,115870.93,47580.14,115870.93,7096.64,27945.02,5.9,82,25468,3313,Jason Jones,Robert Reynolds
92377,Among term sort,Sci-Fi,1963,23-09-1963,USA,571568.74,614395.9,904928.59,111035.86,353634.58,7.4,65,2585,1314,Sonya Clark,Douglas Bullock
971065,Response building of present,Drama,2010,19-03-2010,USA,1694627.87,1206341.92,2542921.27,327978.74,569441.84,8.5,67,1050,20303,Diana Davis,Shawna Bryant
393609,Beyond affect save,Comedy,1973,08-12-1973,India,1127096.75,624349.34,1127096.75,140599.02,251929.36,5.6,60,5870,414,Jennifer Willis,Alan Mullins
105759,Ground put card,Sci-Fi,2013,07-05-2013,USA,7001626.46,4690904.55,8856900.07,924169.24,2087397.48,8.9,89,8243,304,Eric Ramirez,David Clark
494035,Chair deep development,Romance,1955,30-03-1955,Canada,2347831.6,1098024.21,2347831.6,205319.76,636842.63,9.0,96,330,1771,Chad Peters MD,Richard Mata
287575,Wrong close newspaper,Drama,2008,05-01-2008,USA,401991.47,431124.34,878392.3,81470.31,178845.48,5.7,66,3239,168,Claudia Smith,Samuel Wyatt
920623,Go official,Comedy,1986,17-09-1986,USA,678758.64,1576834.53,2776075.36,328872.68,643384.36,5.7,62,1760,198,Mrs. Hannah Campbell DDS,Tracy Williams
116593,Tough argue our,Comedy,2024,21-02-2024,India,1372724.83,1633439.4,2983386.72,480561.56,849096.3,8.7,81,2307,169,Karen Smith,Christopher Tucker
924238,Most simply,Comedy,2009,29-01-2009,USA,5723568.09,8448326.71,15750705.98,1098588.5,4127511.09,5.6,68,2422,50,Diane Skinner,Holly Jones
305341,When,Action,1997,27-02-1997,USA,549204.38,1074083.11,1557197.92,298766.98,623784.78,8.1,76,2887,8405,Jennifer Henry,Samantha Sanders
57394,More financial data,Action,2010,18-04-2010,USA,27947012.92,31503880.27,50416823.99,5566545.27,16033953.78,6.0,55,2877,739,Lisa Atkins,Jorge Thompson
467428,Citizen specific system,Romance,2025,18-12-2025,USA,1369002.62,846289.26,1698366.57,120680.42,470018.07,6.5,74,1690,14412,Mr. Drew Clark Jr.,Courtney Butler
752403,Reveal work,Action,2003,21-07-2003,USA,915635.16,1449053.36,3046205.75,217728.28,694906.6,7.2,84,505,121,Faith Franklin,Mckenzie Perez
999560,Those relationship,Comedy,2022,26-07-2022,USA,1882806.07,4256000.5,7014288.24,952131.66,2337282.88,6.2,66,12924,541,Samantha Campbell,Alexandra Benitez
340826,Religious pressure,Documentary,2017,29-11-2017,USA,1497205.04,2821189.43,6089087.72,763746.3,1608840.07,6.3,52,1857,7316,Oscar Santos,Cassandra Dennis
37916,Air most,Drama,2019,10-07-2019,Germany,12701854.54,13876429.15,24066825.88,2171024.24,7591783.41,8.1,65,4700,488,Sharon Wilson,Cynthia Little
681605,Skin want guy bill,Romance,2009,19-02-2009,USA,152944.28,330956.0,612435.88,75971.82,134705.41,5.2,57,8398,193,Gary Simmons,Ronald Herrera
585985,Even office,Comedy,1986,14-12-1986,USA,4787871.9,9240911.11,22430187.4,1277275.88,3718035.73,6.2,69,697,961,Emily Miller,Robert Reynolds
918230,Prove statement,Drama,2008,19-02-2008,Canada,9104925.07,5536184.92,9104925.07,1611268.4,2224039.36,4.6,41,2260,8602,Melanie Olson,Jorge Thompson
651382,Along prevent bag system,Horror,2003,16-10-2003,Canada,794070.44,1025491.51,1521492.98,159589.64,450737.41,8.4,90,2369,1788,Brian Robinson,George Green
717036,Base agree anything,Thriller,1985,02-11-1985,USA,9602980.0,16042916.18,31867984.33,2172658.27,9615157.49,9.8,100,3572,4076,Karen Smith,Dustin Jackson
649112,Action beautiful economy,Action,2012,26-11-2012,USA,2863115.78,4154664.87,7065364.57,650386.7,2449116.06,7.0,83,401,247,Chad Peters MD,Adam Bowman
455035,Sometimes doctor increase,Action,1979,27-07-1979,Australia,232120.01,153399.94,281162.48,45314.03,74867.27,2.9,37,579,69,William Carpenter,Marissa Pena
166474,Yet so bed,Sci-Fi,2022,24-06-2022,Germany,10005830.94,19867242.22,35554872.71,3974973.07,8440131.91,4.7,32,339,50,Robin Hooper,Marissa Pena
646512,Book,Action,2000,13-02-2000,Canada,2792774.48,4216700.97,7203977.56,1252236.83,1974082.62,8.6,74,3121,3123,Donna Wagner,Tracy Williams
337831,Clearly behind,Documentary,2025,29-04-2025,USA,670891.85,403232.81,978071.03,71693.0,191840.52,4.9,53,1945,933,Kim Watkins,Becky Dean
30376,People,Comedy,2014,17-04-2014,India,3904724.71,2535390.88,6149640.32,276336.39,1268928.75,8.8,95,2933,3318,Stephanie Hayes,Meredith Williams
64291,Agent herself,Comedy,1980,08-05-1980,USA,1490602.96,750464.99,1607690.36,210793.74,428774.13,9.8,100,6787,2238,Chad Koch,Jeffrey Jenkins
405716,Exactly live,Horror,2024,17-02-2024,USA,31237869.5,16428714.96,31237869.5,4691761.66,8450575.95,5.8,73,1524,67,Kimberly Barker,Jimmy Smith
139428,Human,Action,2007,02-10-2007,USA,2823858.36,9064398.33,13031277.93,2142703.7,4182429.8,7.6,88,5762,222,Patricia Munoz,Sabrina Massey
507443,Bed response,Romance,1974,03-08-1974,France,603215.28,722625.82,1332794.1,104989.32,364075.65,6.5,53,5079,6542,Lori Callahan,Sandra Spears
132694,Need maybe same,Thriller,2001,13-09-2001,USA,6747051.96,12883431.9,19507142.2,2607819.73,6378903.83,4.8,47,733,373,Amber Anderson,James Erickson
755588,Probably explain sense,Comedy,2011,08-04-2011,Canada,178129.1,476229.29,886588.6,118969.76,271509.92,6.7,68,100,1206,Susan Farley,Jamie Chavez
513269,Type organization prevent,Sci-Fi,2012,22-02-2012,Germany,2499527.51,5567111.51,9430225.49,1308239.05,3195274.23,5.0,38,5916,7738,Mr. Jorge Anderson,Mark Smith
742336,Election send,Action,2015,24-10-2015,USA,306743.08,491419.29,797470.63,110306.38,249920.38,5.3,48,1950,4466,Sophia Gomez,Russell Martin
843690,Over trade,Action,2010,01-05-2010,UK,5441552.28,7962752.04,12225418.51,1250260.29,4546696.85,6.4,60,186,92,Jennifer Willis,Samantha Vargas
751313,More forward under,Documentary,1988,21-12-1988,USA,1607194.53,4033272.02,7019999.72,513296.15,1762148.58,4.8,42,4370,3781,Charles Lopez,Scott Anderson
166878,Still west,Horror,2001,16-04-2001,USA,11827025.68,15549827.71,33502862.16,3896887.0,8885227.86,5.2,55,12005,1667,Lisa Atkins,Daryl Douglas
23286,Mention six officer,Drama,1994,05-09-1994,USA,2014574.71,991513.51,2014574.71,122764.86,438789.95,7.8,42,1502,4025,Karen Barrett,Heather Williams
510045,Letter interesting,Comedy,1993,26-07-1993,Japan,975590.05,1260833.83,2331406.71,349704.61,644026.25,3.6,36,2505,35242,Robert Hendricks,Heather Williams
253944,Through might,Thriller,2010,01-11-2010,USA,4031639.38,8595319.69,12667176.2,917934.19,4240372.78,8.6,71,450,50,Caitlin Brewer,Christopher Green
707215,Thought town,Sci-Fi,2000,17-10-2000,USA,3024719.55,4032057.7,8201481.29,862140.94,2099842.67,5.7,50,8279,478,Melissa Hernandez,Nicole Dawson
166605,Necessary natural look,Comedy,1985,01-10-1985,UK,47513186.39,146458278.8,224909491.1,24465251.01,84285849.4,7.5,67,3401,15911,Eric Ramirez,Brittany Kelly
158684,About finish much,Sci-Fi,1984,03-10-1984,USA,8480588.58,7487372.97,11827037.39,1997141.63,3071722.87,6.9,70,2827,54,David Rosales,John James
395979,Carry section,Action,2025,11-12-2025,USA,8508005.4,8754326.52,12867525.68,1907855.94,4159949.5,6.0,47,100,50,David Charles,Nicholas Williamson
9955,Body peace again,Drama,2010,09-12-2010,UK,1145772.05,2087242.45,3091617.39,369659.62,1173401.15,5.6,47,3022,50,Michael Manning,Christina Jones
684059,Reach big compare,Comedy,2009,02-04-2009,Canada,598408.33,307282.63,598408.33,59163.46,127394.45,4.7,68,2016,176,David Lee,Robert Garcia
630092,Meet bit,Thriller,1990,14-06-1990,USA,728430.35,1197098.98,1955841.83,261826.59,692549.16,9.3,87,35260,204,Melissa Cohen,Lucas Collins
986550,Board,Action,1955,23-11-1955,USA,1282490.85,560941.37,1282490.85,137698.83,234640.16,5.2,57,521,226,Daniel Brown,Joshua Willis
108150,Woman,Drama,2010,20-09-2010,USA,517072.39,303407.91,517072.39,60319.57,129156.52,6.7,81,7422,1794,Chad Peters MD,Sarah Ross
349139,State worker foreign,Action,2022,12-02-2022,Japan,9893166.11,6042575.44,11774087.7,1348341.77,2934960.86,5.1,54,1148,50,Daniel Rivera,John Sullivan
860321,State still position,Sci-Fi,1961,15-10-1961,India,6123085.02,14923859.89,30400130.57,4019059.95,7779652.11,5.8,66,3805,292,Chad Peters MD,Shawna Bryant
789974,Firm lot,Horror,1983,08-01-1983,India,808284.36,1171554.2,1786987.18,214358.42,562626.23,7.6,63,4699,424,Maria Lane,Mark Morris
332469,Drop,Comedy,1988,16-12-1988,USA,7366141.63,24516894.44,35271508.81,5321026.69,11493680.4,8.4,100,39364,7039,Hannah Camacho,Kimberly Ray
629265,With significant,Documentary,2012,26-04-2012,USA,58316570.59,97326444.38,213050382.3,26606649.04,55997474.61,5.6,56,4353,796,Adam Brown,John Strickland
566364,Boy million,Horror,2022,03-12-2022,USA,25039228.91,59802026.31,97939964.22,15870036.57,31253881.77,5.7,61,809,3980,James Cross,Benjamin Mitchell
577930,Appear occur,Comedy,2007,03-11-2007,USA,5082881.7,7634961.63,11553691.19,1146738.91,4490779.82,7.6,69,28454,543,Joshua Morales,Joseph Contreras
1711,Force budget expert,Thriller,2001,12-02-2001,South Korea,100000.0,196922.58,463185.45,38412.38,84491.82,7.8,94,2644,207,Jennifer Atkinson,Kathryn Stevenson
